name,price
Смартфон OPPO A17 64GB Black,79990
Смартфон Vivo Y33s 128GB Mirror Black,109990
Смартфон Xiaomi Redmi 10C 128GB/4GB Graphite Gray,72990
Смартфон Samsung Galaxy S21 FE 128GB Gray New,299990
Смартфон OPPO Reno 7 128GB Cosmic Black,199990
Смартфон Vivo Y33s 128GB Midday Dream,109990
Смартфон Samsung Galaxy A13 64GB Black,99990
Смартфон WIKO T10 Rally 64GB Black,59990
Смартфон Apple iPhone 11 128GB Black,319990
Смартфон Xiaomi Redmi Note 11 128GB/4GB Graphite Gray,109990
Смартфон OPPO A17 64GB Blue,79990
Смартфон Xiaomi Redmi Note 11 Pro 128GB Graphite Gray,159990
Смартфон Vivo Y15S 32GB Wave Green,59990
Смартфон OPPO A57s 128GB Starry Black,119990
Смартфон Samsung Galaxy A03 Core 32GB Black,54990
Смартфон Samsung Galaxy A23 128GB Black,139990
Смартфон Apple iPhone 14 Pro Max 256GB Deep Purple,839990
Смартфон Vivo Y21 64Gb Diamond Glow,79990
Смартфон Samsung Galaxy A13 128GB Black,119990
Смартфон Apple iPhone 13 128GB Midnight,449990
Смартфон Vivo V23e 128GB Dancing Waves,169990
Смартфон Apple iPhone 11 128GB White,319990
Смартфон Xiaomi Redmi 10C 128GB/4GB Ocean Blue,72990
Смартфон Samsung Galaxy A33 128GB Black,169990
Смартфон OPPO A57s 64GB Sky Blue,99990
Смартфон Vivo Y21 64Gb Metallic Blue,79990
Смартфон Vivo V23e 128GB Moonlight Shadow,169990
Смартфон Xiaomi Redmi 10C 128GB/4GB Mint Green,72990
Смартфон Xiaomi Redmi 10 (2022) 128GB Carbon Gray,89990
Смартфон Samsung Galaxy S21 FE 256GB Gray New,329990
Смартфон Samsung Galaxy A52 128GB Black,179990
Смартфон Apple iPhone 11 64GB Black,279990
Смартфон Apple iPhone 14 128GB Midnight,499990
Смартфон Redmi 10A 64GB Graphite Gray,59990
Смартфон OPPO A57s 128GB Sky Blue,119990
Смартфон Samsung Galaxy S22 Ultra 256GB Phantom Black,579990
Смартфон Samsung Galaxy A53 128GB Black,209990
Смартфон OPPO Reno 7 128GB Sunset Orange,199990
Смартфон Redmi A1+ 32GB Black,49990
Смартфон Vivo Y55 128GB Ice Dawn,139990
Смартфон OPPO A57s 64GB Starry Black,99990
Смартфон Samsung Galaxy S21 FE 128GB Green New,299990
Смартфон WIKO T50 Mulan 128GB Black,119990
Смартфон Vivo Y22 64Gb Starlight Blue,89990
Смартфон Apple iPhone 13 128GB Starlight,449990
Смартфон Samsung Galaxy A32 64GB Black,129990
Смартфон Samsung Galaxy A23 64GB Black,119990
Смартфон Samsung Galaxy S22 128GB Phantom Black,399990
Смартфон Samsung Galaxy S21 FE 128GB Violet New,299990
Смартфон Samsung Galaxy S22 Ultra 256GB Green,579990
Смартфон Samsung Galaxy A13 64GB Blue,99990
Смартфон WIKO T10 Rally 64GB Green,59990
Смартфон Vivo V25E 128GB Diamond Black,189990
Смартфон Apple iPhone 13 128GB Blue,449990
Смартфон Xiaomi Redmi Note 11 Pro 128GB Polar White,159990
Смартфон Xiaomi Redmi Note 11 128GB/4GB Twilight Blue,109990
Смартфон Apple iPhone 14 128GB Blue,499990
Смартфон Vivo Y22 64Gb Metaverse Green,89990
Смартфон Vivo Y15S 32GB Mystic Blue,59990
Смартфон Apple iPhone 13 128GB Pink,449990
Смартфон Xiaomi Redmi 10 (2022) 128GB Pebble White,89990
Смартфон Vivo Y35s 64Gb Agate Black,109990
Смартфон Vivo V25 256GB 5G Aquamarine Blue,249990
Смартфон Vivo Y55 128GB Midnight Galaxy,139990
Смартфон Samsung Galaxy A03 Core 32GB Green,54990
Смартфон Samsung Galaxy A03 Core 32GB Copper,54990
Смартфон Samsung Galaxy A33 128GB Blue,169990
Смартфон Vivo Y35s 64Gb Dawn Gold,109990
Смартфон Redmi 10A 64GB Chrome Silver,59990
Смартфон Apple iPhone 14 Pro 256GB Space Black,769990
Смартфон Xiaomi Redmi 9C 64GB Gray,54990
Смартфон Apple iPhone 13 Pro Max 256GB Sierra Blue,749990
Смартфон Xiaomi Redmi 10 (2022) 128GB Sea Blue,89990
Смартфон Xiaomi Redmi Note 11 Pro 128GB Star Blue,159990
Смартфон OPPO A16 32GB Blue,59990
Смартфон Xiaomi Redmi Note 11 64GB/4GB Graphite Gray,99990
Смартфон Vivo V25E 128GB Sunrise Gold,189990
Смартфон Samsung Galaxy A13 128GB Blue,119990
Смартфон Apple iPhone 13 Pro 256GB Graphite,679990
Смартфон Apple iPhone 14 Pro Max 256GB Space Black,839990
Смартфон Samsung Galaxy S22 Ultra 256GB Burgundy,579990
Смартфон Samsung Galaxy A13 64GB White,99990
Смартфон Apple iPhone 11 64GB White,279990
Смартфон Redmi 10A 64GB Sky Blue,59990
Смартфон Samsung Galaxy S22+ 128GB Phantom Black,449990
Смартфон Vivo V25 256GB 5G Diamond Black,249990
Смартфон Xiaomi Redmi Note 11 128GB/4GB Star Blue,109990
Смартфон Samsung Galaxy A33 128GB White,169990
Смартфон Samsung Galaxy S22 Ultra 512GB Phantom Black,599990
Смартфон Samsung Galaxy S22+ 256GB Phantom Black,479990
Смартфон Redmi A1+ 32GB Light Blue,49990
Смартфон Vivo Y33s 64GB Midday Dream,84990
Смартфон Samsung Galaxy A13 128GB White,119990
Смартфон OPPO A74 128GB Midnight Blue,119990
Смартфон Samsung Galaxy A53 128GB Blue,209990
Смартфон Apple iPhone 14 128GB Starlight,499990
Смартфон Samsung Galaxy S22+ 128GB Green,449990
Смартфон OPPO A55 64GB Rainbow Blue,99990
Смартфон OPPO A16 32GB Black,59990
Смартфон Samsung Galaxy S22 Ultra 512GB Burgundy,599990
Смартфон Apple iPhone 14 Pro 256GB Silver,769990
Смартфон Samsung Galaxy A23 128GB White,139990
Смартфон Samsung Galaxy S22 128GB Green,399990
Смартфон Apple iPhone 14 256GB Midnight,549990
Смартфон Apple iPhone 13 128GB Green,449990
Смартфон Samsung Galaxy A23 128GB Orange,139990
Смартфон WIKO T50 Mulan 128GB Green,119990
Смартфон Apple iPhone 14 Pro 128GB Silver,699990
Смартфон Xiaomi Redmi Note 11 64GB/4GB Twilight Blue,99990
Смартфон Samsung Galaxy A23 64GB White,119990
Смартфон Samsung Galaxy S22 Ultra 128GB Phantom Black,549990
Смартфон Xiaomi Redmi 9A 32GB Grey,59990
Смартфон Apple iPhone 13 Pro 256GB Gold,679990
Смартфон Xiaomi Redmi 9C 128GB Aurora Green,69990
Смартфон Apple iPhone 14 Pro Max 128GB Space Black,769990
Смартфон Apple iPhone 13 Pro Max 256GB Gold,749990
Смартфон Samsung Galaxy A73 128GB Gray,249990
Смартфон Xiaomi Redmi 10 (2022) 64GB Carbon Gray,79990
Смартфон HUAWEI Nova Y70 128GB Midnight Black,89990
Смартфон Samsung Galaxy A53 256GB Black,239990
Смартфон Xiaomi Redmi Note 11 64GB/4GB Star Blue,99990
Смартфон OPPO A96 128GB Starry Black,129990
Смартфон WIKO T50 Mulan 128GB Pink,119990
Смартфон Samsung Galaxy A53 128GB White,209990
Смартфон Samsung Galaxy A73 256GB Gray,279990
Смартфон Samsung Galaxy S22 Ultra 512GB Phantom White,599990
Смартфон Samsung Galaxy A33 128GB Orange,169990
Смартфон Samsung Galaxy S22+ 256GB Pink Gold,479990
Смартфон Samsung Galaxy S22+ 256GB Green,479990
Смартфон Apple iPhone 14 256GB Starlight,549990
Смартфон Poco C40 64/4GB POCO Yellow,65990
Смартфон Vivo Y33s 64GB Mirror Black,84990
Смартфон Apple iPhone 14 128GB Purple,499990
Смартфон Apple iPhone 12 64GB Black,414990
Смартфон Samsung Galaxy A03 64GB Black,79990
Смартфон Apple iPhone 14 Plus 128GB Midnight,579990
Смартфон Poco C40 64/4GB Power Black,65990
Смартфон Samsung Galaxy S22 Ultra 128GB Burgundy,549990
Смартфон OPPO A74 128GB Prism Black,119990
Смартфон Samsung Galaxy A52 128GB Lavender,179990
Смартфон Poco M4 Pro 128GB Power Black,99990
Смартфон Samsung Galaxy S22 Ultra 256GB Phantom White,579990
Смартфон Xiaomi 12T Pro 256GB/12GB Black,389990
Смартфон Samsung Galaxy S22+ 128GB Phantom White,449990
Смартфон Samsung Galaxy S22 256GB Phantom Black,429990
Смартфон Apple iPhone 13 Pro Max 256GB Green,749990
Смартфон Poco M5 64GB Black,89990
Смартфон Samsung Galaxy A23 64GB Orange,119990
Смартфон Samsung Galaxy S22 Ultra 128GB Green,549990
Смартфон Apple iPhone 11 128GB Green,319990
Смартфон Samsung Galaxy Z Fold4 256GB Gray,999990
Смартфон Apple iPhone 13 Pro Max 256GB Graphite,749990
Смартфон Samsung Galaxy A03 64GB Blue,79990
Смартфон Samsung Galaxy Z Flip4 256GB Lavender,599990
Смартфон OPPO Reno 7 256GB 5G Starry Black,259990
Смартфон HUAWEI Nova Y70 128GB Crystal Blue,89990
Смартфон Xiaomi 12 Lite 256GB/8GB Black,239990
Смартфон Samsung Galaxy A53 128GB Orange,209990
Смартфон Apple iPhone 14 256GB Blue,549990
Смартфон Samsung Galaxy S22 128GB Phantom White,399990
Смартфон Samsung Galaxy S21 FE 256GB Violet New,329990
Смартфон Xiaomi 12 Lite 128GB/8GB Black,219990
Смартфон Vivo Y16 32GB Stellar Black,69990
Смартфон Apple iPhone 13 256GB Pink,519990
Смартфон Samsung Galaxy Z Flip4 128GB Gray,549990
Смартфон Vivo V25 Pro 256GB Surfing Blue,319990
Смартфон Apple iPhone 14 Pro Max 256GB Silver,839990
Смартфон Samsung Galaxy S22 128GB Purple,399990
Смартфон Samsung Galaxy S22 128GB Pink Gold,399990
Смартфон Samsung Galaxy S22 256GB Green,429990
Смартфон Apple iPhone 14 256GB Purple,549990
Смартфон Samsung Galaxy A73 128GB Green,249990
Смартфон Apple iPhone 14 Plus 128GB Blue,579990
Смартфон Apple iPhone 14 Pro 128GB Gold,699990
Смартфон Samsung Galaxy A03 32GB Blue,69990
Смартфон Samsung Galaxy S21 FE 256GB Green New,329990
Смартфон Samsung Galaxy A32 64GB Lavender,129990
Смартфон Samsung Galaxy S22+ 256GB Phantom White,479990
Смартфон Apple iPhone 14 Pro Max 512GB Gold,979990
Смартфон Samsung Galaxy A03 32GB Black,69990
Смартфон Samsung Galaxy Z Fold4 256GB Black,999990
Смартфон Samsung Galaxy Z Fold4 512GB Black,1099990
Смартфон Samsung Galaxy Z Flip4 128GB Lavender,549990
Смартфон Vivo Y16 32GB Drizzling Gold,69990
Смартфон Vivo Y01 32GB Elegant Black,59990
Смартфон Samsung Galaxy S22+ 128GB Pink Gold,449990
Смартфон Poco M4 Pro 128/6GB 4G Yellow,129990
Смартфон Samsung Galaxy Z Fold4 512GB Gray,1099990
Смартфон Samsung Galaxy A53 256GB White,239990
Смартфон Apple iPhone 13 Pro Max 512GB Graphite,819990
Смартфон Apple iPhone 13 256GB Blue,519990
Смартфон Apple iPhone 14 Plus 256GB Blue,639990
Смартфон Apple iPhone 14 Pro 512GB Space Black,909990
Смартфон Poco M4 Pro 128GB Cool Blue,99990
Смартфон Samsung Galaxy A53 256GB Blue,239990
Смартфон Xiaomi 12T 256GB/8GB Black,299990
Смартфон HUAWEI Nova 9 128GB Starry Blue,149990
Смартфон Poco M4 Pro 128/6GB 4G Power Black,129990
Смартфон Samsung Galaxy Z Flip4 256GB Gold,599990
Смартфон Apple iPhone 14 Plus 256GB Purple,639990
Смартфон Vivo Y53S 128GB Deep Sea Blue,129990
Смартфон Apple iPhone 13 256GB Midnight,519990
Смартфон Samsung  Galaxy S22 Ultra 128GB Phantom White,549990
Смартфон Xiaomi Redmi 9C 64GB Aurora Green,54990
Смартфон Samsung Galaxy Z Flip4 256GB Gray,599990
Смартфон Apple iPhone SE 2022 64GB Midnight,309990
Смартфон Samsung Galaxy S22 256GB Purple,429990
Смартфон Apple iPhone 14 Plus 128GB Starlight,579990
Смартфон HUAWEI Mate 50 Pro 256GB Black,479990
Смартфон OPPO Reno 7 256GB 5G Startrails Blue,259990
Смартфон Apple iPhone 14 Pro Max 256GB Gold,839990
Смартфон Apple iPhone 13 Pro Max 512GB Green,819990
Смартфон HUAWEI Nova Y70 64GB Crystal Blue,79990
Смартфон Apple iPhone 13 Pro Max 512GB Sierra Blue,819990
Смартфон Apple iPhone 12 128GB Black,449990
Смартфон Poco C40 64/4GB Coral Green,65990
Смартфон Apple iPhone 13 256GB Green,519990
Смартфон Samsung Galaxy A73 256GB Green,279990
Смартфон Apple iPhone 14 Plus 128GB Purple,579990
Смартфон HUAWEI Nova 9se 128GB Blue,99990
Смартфон HUAWEI Nova Y70 64GB Midnight Black,79990
Смартфон Poco M4 Pro 256/8GB 4G Power Black,149990
Смартфон Xiaomi 12 Lite 128GB/8GB Lite Pink,219990
Смартфон Apple iPhone 11 64GB Green,279990
Смартфон Apple iPhone SE 2022 64GB Starlight,309990
Смартфон Samsung Galaxy A03 64GB Red,79990
Смартфон Samsung Galaxy Z Flip4 128GB Gold,549990
Смартфон WIKO 10 128GB Black,109990
Смартфон Apple iPhone 11 64GB Purple,279990
Смартфон Vivo V23 128/8GB Sunshine Gold,191990
Смартфон Samsung Galaxy A32 64GB White,129990
Смартфон HUAWEI Nova 9se 128GB Black,99990
Смартфон Vivo Y01 32GB Sapphire Blue,59990
Смартфон Apple iPhone 14 Plus 256GB Midnight,639990
Смартфон Xiaomi Redmi 9A 32GB Blue,59990
Смартфон Apple iPhone 14 128GB (PRODUCT)RED,499990
Смартфон Apple iPhone 13 Pro Max 512GB Gold,819990
Смартфон HUAWEI Nova 9 128GB Black,149990
Смартфон Apple iPhone 14 Plus 256GB Starlight,639990
Смартфон Samsung Galaxy Z Flip4 128GB Blue,549990
Смартфон Xiaomi 12 Lite 256GB/8GB Lite Green,239990
Смартфон HUAWEI Nova Y90 128GB Midnight Black,109990
Смартфон Samsung Galaxy A73 128GB White,249990
Смартфон Apple iPhone SE 2022 64GB Red,189990
Смартфон Samsung Galaxy Z Fold4 512GB Beige,1099990
Смартфон Samsung Galaxy Z Flip4 256GB Blue,599990
Смартфон Samsung Galaxy A32 64GB Blue,129990
Смартфон Samsung Galaxy A73 256GB White,279990
Смартфон Apple iPhone 14 Plus 256GB (PRODUCT)RED,639990
Смартфон Samsung Galaxy Z Fold4 256GB Beige,999990
Смартфон WIKO 10 128GB Silver,109990
Смартфон Xiaomi 12 Lite 256GB/8GB Lite Pink,239990
Смартфон Apple iPhone 11 128GB Purple,319990
Смартфон Poco X4 Pro 256GB Laser Blue,179990
Смартфон OPPO A55 64GB Stellar Black,99990
Смартфон HUAWEI Mate 50 Pro 256Gb Silver,479990
Смартфон Poco M4 Pro 128/6GB 4G Cool Blue,129990
Смартфон Apple iPhone 14 Pro 1TB Gold,1049990
Смартфон Samsung Galaxy A53 256GB Orange,239990
Смартфон Apple iPhone 14 Pro 1TB Silver,1049990
Смартфон Samsung Galaxy A03 32GB Red,69990
Смартфон Vivo V23 128/8GB Stardust Black,191990
Смартфон Samsung Galaxy S22 256GB Phantom White,429990
Смартфон Apple iPhone 12 128GB Green,449990
Смартфон Samsung Galaxy S22 256GB Pink Gold,429990
Смартфон Apple iPhone 14 Pro 512GB Silver,909990
Смартфон Xiaomi Redmi 10 64/4GB Sea Blue,79990
Смартфон Xiaomi Redmi 10 128/4GB Sea Blue,89990
Смартфон Vivo Y53S 128GB Fantastic Rainbow,129990
Смартфон Apple iPhone 12 64GB Blue,414990
Смартфон WIKO T3 128GB Black,89990
Смартфон Xiaomi 11T Pro 128GB Celestial Blue,189990
Смартфон Apple iPhone 14 256GB (PRODUCT)RED,549990
Смартфон Poco F4 GT 256GB Knight Silver,349990
Смартфон Apple iPhone 14 512GB Purple,769990
Смартфон Poco F4 GT 256GB Stealth Black,349990
Смартфон HUAWEI Nova Y90 128GB Emerald Green,109990
Смартфон Poco M4 Pro 128GB Yellow,99990
Смартфон Apple iPhone SE 2022 128GB Red,219990
Смартфон WIKO 10 128GB Blue,109990
Смартфон Poco X4 Pro 256GB 5G Laser Black,179990
Смартфон HUAWEI Nova 10 SE 128GB Mint Green,169990
Смартфон HUAWEI Nova 10 128GB Starry Black,229990
Смартфон HUAWEI P50 Pocket 512GB Premium Gold,649990
Смартфон Xiaomi 12T 256GB/8GB Blue,299990
Смартфон HUAWEI Nova Y90 128GB Crystal Blue,109990
Смартфон Apple iPhone 13 Pro Max 256GB Silver,749990
Смартфон HUAWEI Nova 10 SE 128GB Starry Black,169990
Смартфон Xiaomi Redmi Note 11S 128GB Twilight Blue,139990
Смартфон Poco F4 GT 256GB Cyber Yellow,349990
Смартфон Xiaomi 12 Lite 128GB/8GB Lite Green,219990
Смартфон Apple iPhone 14 Pro Max 1TB Silver,1119990
Смартфон Apple iPhone SE 2022 128GB Starlight,344990
Смартфон Apple iPhone 12 64GB White,414990
Смартфон Apple iPhone 12 64GB Green,414990
Смартфон Xiaomi 12T Pro 256GB/12GB Silver,389990
Смартфон Xiaomi Redmi Note 11S 128GB Graphite Gray,139990
Смартфон Apple iPhone 14 Pro 1TB Space Black,1049990
Смартфон Xiaomi Redmi 10 (2022) 64GB Pebble White,79990
Смартфон Vivo V23 256/12GB Sunshine Gold,219990
Смартфон Apple iPhone 13 Pro Max 1TB Sierra Blue,954990
Смартфон Apple iPhone 13 Pro Max 1TB Green,954990
Смартфон Apple iPhone 11 64GB Red,279990
Смартфон Xiaomi Redmi Note 11S 64GB Pearl White,129990
